comunidad_autonoma,deaths_per_100k_proxy
Canary Islands,250.0
Navarre,242.49605055292258
Aragon,239.0995260663507
Andalusia,235.70300157977883
Madrid,225.67140600315955
Basque Country,216.66666666666669
Valencian Community,212.00631911532386
Galicia,204.89731437598735
Castile-La Mancha,195.10268562401265
Balearic Islands,184.83412322274881
