wave,cases
Wave_1_2020,1847137.0238095238
Wave_2_2021,3004790.714285714
Wave_3_2022,5188281.142857143
Wave_4_2023_2024,575455.7142857143
